title,category,rating,year,length,type,age,genre
Avengers: Secret Wars,Avengers: Secret Wars,Avengers: Secret Wars,Avengers: Secret Wars,Avengers: Secret Wars,Avengers: Secret Wars,Avengers: Secret Wars,Avengers: Secret Wars
Avengers: The Kang Dynasty,Avengers: The Kang Dynasty,Avengers: The Kang Dynasty,Avengers: The Kang Dynasty,Avengers: The Kang Dynasty,Avengers: The Kang Dynasty,Avengers: The Kang Dynasty,Avengers: The Kang Dynasty
Spider-Man: Freshman Year,Spider-Man: Freshman Year,Spider-Man: Freshman Year,Spider-Man: Freshman Year,Spider-Man: Freshman Year,Spider-Man: Freshman Year,Spider-Man: Freshman Year,Spider-Man: Freshman Year
Marvel Zombies,Marvel Zombies,Marvel Zombies,Marvel Zombies,Marvel Zombies,Marvel Zombies,Marvel Zombies,Marvel Zombies
Armor Wars,Armor Wars,Armor Wars,Armor Wars,Armor Wars,Armor Wars,Armor Wars,Armor Wars
Fantastic Four,Fantastic Four,Fantastic Four,Fantastic Four,Fantastic Four,Fantastic Four,Fantastic Four,Fantastic Four
Thunderbolts,Thunderbolts,Thunderbolts,Thunderbolts,Thunderbolts,Thunderbolts,Thunderbolts,Thunderbolts
Captain America: New World Order,Captain America: New World Order,Captain America: New World Order,Captain America: New World Order,Captain America: New World Order,Captain America: New World Order,Captain America: New World Order,Captain America: New World Order
Agatha: Coven of Chaos,Agatha: Coven of Chaos,Agatha: Coven of Chaos,Agatha: Coven of Chaos,Agatha: Coven of Chaos,Agatha: Coven of Chaos,Agatha: Coven of Chaos,Agatha: Coven of Chaos
Blade,Blade,Blade,Blade,Blade,Blade,Blade,Blade
Ironheart,Ironheart,Ironheart,Ironheart,Ironheart,Ironheart,Ironheart,Ironheart
Echo,Echo,Echo,Echo,Echo,Echo,Echo,Echo
Secret Invasion,Secret Invasion,Secret Invasion,Secret Invasion,Secret Invasion,Secret Invasion,Secret Invasion,Secret Invasion
The Marvels,The Marvels,The Marvels,The Marvels,The Marvels,The Marvels,The Marvels,The Marvels
Guardians of the Galaxy Vol. 3,Guardians of the Galaxy Vol. 3,Guardians of the Galaxy Vol. 3,Guardians of the Galaxy Vol. 3,Guardians of the Galaxy Vol. 3,Guardians of the Galaxy Vol. 3,Guardians of the Galaxy Vol. 3,Guardians of the Galaxy Vol. 3
Ant-Man and the Wasp: Quantumania,Ant-Man and the Wasp: Quantumania,Ant-Man and the Wasp: Quantumania,Ant-Man and the Wasp: Quantumania,Ant-Man and the Wasp: Quantumania,Ant-Man and the Wasp: Quantumania,Ant-Man and the Wasp: Quantumania,Ant-Man and the Wasp: Quantumania
The Guardians of the Galaxy Holiday Special,The Guardians of the Galaxy Holiday Special,The Guardians of the Galaxy Holiday Special,The Guardians of the Galaxy Holiday Special,The Guardians of the Galaxy Holiday Special,The Guardians of the Galaxy Holiday Special,The Guardians of the Galaxy Holiday Special,The Guardians of the Galaxy Holiday Special
Black Panther: Wakanda Forever,Black Panther: Wakanda Forever,Black Panther: Wakanda Forever,Black Panther: Wakanda Forever,Black Panther: Wakanda Forever,Black Panther: Wakanda Forever,Black Panther: Wakanda Forever,Black Panther: Wakanda Forever
Werewolf by Night,Werewolf by Night,Werewolf by Night,Werewolf by Night,Werewolf by Night,Werewolf by Night,Werewolf by Night,Werewolf by Night
Wonder Man,Wonder Man,Wonder Man,Wonder Man,Wonder Man,Wonder Man,Wonder Man,Wonder Man
Loki,Loki,Loki,Loki,Loki,Loki,Loki,Loki
What If...?,What If...?,What If...?,What If...?,What If...?,What If...?,What If...?,What If...?
She-Hulk: Attorney at Law,She-Hulk: Attorney at Law,She-Hulk: Attorney at Law,She-Hulk: Attorney at Law,She-Hulk: Attorney at Law,She-Hulk: Attorney at Law,She-Hulk: Attorney at Law,She-Hulk: Attorney at Law
Marvel Studios: Assembled,Marvel Studios: Assembled,Marvel Studios: Assembled,Marvel Studios: Assembled,Marvel Studios: Assembled,Marvel Studios: Assembled,Marvel Studios: Assembled,Marvel Studios: Assembled
I Am Groot,I Am Groot,I Am Groot,I Am Groot,I Am Groot,I Am Groot,I Am Groot,I Am Groot
Marvel Studios: Legends,Marvel Studios: Legends,Marvel Studios: Legends,Marvel Studios: Legends,Marvel Studios: Legends,Marvel Studios: Legends,Marvel Studios: Legends,Marvel Studios: Legends
Ms. Marvel,Ms. Marvel,Ms. Marvel,Ms. Marvel,Ms. Marvel,Ms. Marvel,Ms. Marvel,Ms. Marvel
Thor: Love and Thunder,Thor: Love and Thunder,Thor: Love and Thunder,Thor: Love and Thunder,Thor: Love and Thunder,Thor: Love and Thunder,Thor: Love and Thunder,Thor: Love and Thunder
Moon Knight,Moon Knight,Moon Knight,Moon Knight,Moon Knight,Moon Knight,Moon Knight,Moon Knight
Doctor Strange in the Multiverse of Madness,Doctor Strange in the Multiverse of Madness,Doctor Strange in the Multiverse of Madness,Doctor Strange in the Multiverse of Madness,Doctor Strange in the Multiverse of Madness,Doctor Strange in the Multiverse of Madness,Doctor Strange in the Multiverse of Madness,Doctor Strange in the Multiverse of Madness
Hawkeye,Hawkeye,Hawkeye,Hawkeye,Hawkeye,Hawkeye,Hawkeye,Hawkeye
Spider-Man: No Way Home,Spider-Man: No Way Home,Spider-Man: No Way Home,Spider-Man: No Way Home,Spider-Man: No Way Home,Spider-Man: No Way Home,Spider-Man: No Way Home,Spider-Man: No Way Home
Eternals,Eternals,Eternals,Eternals,Eternals,Eternals,Eternals,Eternals
Shang-Chi and the Legend of the Ten Rings,Shang-Chi and the Legend of the Ten Rings,Shang-Chi and the Legend of the Ten Rings,Shang-Chi and the Legend of the Ten Rings,Shang-Chi and the Legend of the Ten Rings,Shang-Chi and the Legend of the Ten Rings,Shang-Chi and the Legend of the Ten Rings,Shang-Chi and the Legend of the Ten Rings
Black Widow,Black Widow,Black Widow,Black Widow,Black Widow,Black Widow,Black Widow,Black Widow
The Falcon and the Winter Soldier,The Falcon and the Winter Soldier,The Falcon and the Winter Soldier,The Falcon and the Winter Soldier,The Falcon and the Winter Soldier,The Falcon and the Winter Soldier,The Falcon and the Winter Soldier,The Falcon and the Winter Soldier
WandaVision,WandaVision,WandaVision,WandaVision,WandaVision,WandaVision,WandaVision,WandaVision
Spider-Man: Far from Home,Spider-Man: Far from Home,Spider-Man: Far from Home,Spider-Man: Far from Home,Spider-Man: Far from Home,Spider-Man: Far from Home,Spider-Man: Far from Home,Spider-Man: Far from Home
Avengers: Endgame,Avengers: Endgame,Avengers: Endgame,Avengers: Endgame,Avengers: Endgame,Avengers: Endgame,Avengers: Endgame,Avengers: Endgame
Captain Marvel,Captain Marvel,Captain Marvel,Captain Marvel,Captain Marvel,Captain Marvel,Captain Marvel,Captain Marvel
Ant-Man and the Wasp,Ant-Man and the Wasp,Ant-Man and the Wasp,Ant-Man and the Wasp,Ant-Man and the Wasp,Ant-Man and the Wasp,Ant-Man and the Wasp,Ant-Man and the Wasp
Avengers: Infinity War,Avengers: Infinity War,Avengers: Infinity War,Avengers: Infinity War,Avengers: Infinity War,Avengers: Infinity War,Avengers: Infinity War,Avengers: Infinity War
Team Darryl,Team Darryl,Team Darryl,Team Darryl,Team Darryl,Team Darryl,Team Darryl,Team Darryl
Black Panther,Black Panther,Black Panther,Black Panther,Black Panther,Black Panther,Black Panther,Black Panther
Thor: Ragnarök,Thor: Ragnarök,Thor: Ragnarök,Thor: Ragnarök,Thor: Ragnarök,Thor: Ragnarök,Thor: Ragnarök,Thor: Ragnarök
Spider-Man: Homecoming,Spider-Man: Homecoming,Spider-Man: Homecoming,Spider-Man: Homecoming,Spider-Man: Homecoming,Spider-Man: Homecoming,Spider-Man: Homecoming,Spider-Man: Homecoming
Guardians of the Galaxy Vol. 2,Guardians of the Galaxy Vol. 2,Guardians of the Galaxy Vol. 2,Guardians of the Galaxy Vol. 2,Guardians of the Galaxy Vol. 2,Guardians of the Galaxy Vol. 2,Guardians of the Galaxy Vol. 2,Guardians of the Galaxy Vol. 2
Team Thor: Part 2,Team Thor: Part 2,Team Thor: Part 2,Team Thor: Part 2,Team Thor: Part 2,Team Thor: Part 2,Team Thor: Part 2,Team Thor: Part 2
Doctor Strange,Doctor Strange,Doctor Strange,Doctor Strange,Doctor Strange,Doctor Strange,Doctor Strange,Doctor Strange
Team Thor,Team Thor,Team Thor,Team Thor,Team Thor,Team Thor,Team Thor,Team Thor
Captain America: Civil War,Captain America: Civil War,Captain America: Civil War,Captain America: Civil War,Captain America: Civil War,Captain America: Civil War,Captain America: Civil War,Captain America: Civil War
Agent Carter,Agent Carter,Agent Carter,Agent Carter,Agent Carter,Agent Carter,Agent Carter,Agent Carter
Ant-Man,Ant-Man,Ant-Man,Ant-Man,Ant-Man,Ant-Man,Ant-Man,Ant-Man
Avengers: Age of Ultron,Avengers: Age of Ultron,Avengers: Age of Ultron,Avengers: Age of Ultron,Avengers: Age of Ultron,Avengers: Age of Ultron,Avengers: Age of Ultron,Avengers: Age of Ultron
Guardians of the Galaxy,Guardians of the Galaxy,Guardians of the Galaxy,Guardians of the Galaxy,Guardians of the Galaxy,Guardians of the Galaxy,Guardians of the Galaxy,Guardians of the Galaxy
Captain America: The Return of the First Avenger,Captain America: The Return of the First Avenger,Captain America: The Return of the First Avenger,Captain America: The Return of the First Avenger,Captain America: The Return of the First Avenger,Captain America: The Return of the First Avenger,Captain America: The Return of the First Avenger,Captain America: The Return of the First Avenger
Marvel One-Shot: Helgad vare kungen,Marvel One-Shot: Helgad vare kungen,Marvel One-Shot: Helgad vare kungen,Marvel One-Shot: Helgad vare kungen,Marvel One-Shot: Helgad vare kungen,Marvel One-Shot: Helgad vare kungen,Marvel One-Shot: Helgad vare kungen,Marvel One-Shot: Helgad vare kungen
Thor: The Dark World,Thor: The Dark World,Thor: The Dark World,Thor: The Dark World,Thor: The Dark World,Thor: The Dark World,Thor: The Dark World,Thor: The Dark World
Marvel One-Shot: Agent Carter,Marvel One-Shot: Agent Carter,Marvel One-Shot: Agent Carter,Marvel One-Shot: Agent Carter,Marvel One-Shot: Agent Carter,Marvel One-Shot: Agent Carter,Marvel One-Shot: Agent Carter,Marvel One-Shot: Agent Carter
Iron Man 3,Iron Man 3,Iron Man 3,Iron Man 3,Iron Man 3,Iron Man 3,Iron Man 3,Iron Man 3
Marvel One-Shot: Item 47,Marvel One-Shot: Item 47,Marvel One-Shot: Item 47,Marvel One-Shot: Item 47,Marvel One-Shot: Item 47,Marvel One-Shot: Item 47,Marvel One-Shot: Item 47,Marvel One-Shot: Item 47
Iron Man: Armored Adventures,Iron Man: Armored Adventures,Iron Man: Armored Adventures,Iron Man: Armored Adventures,Iron Man: Armored Adventures,Iron Man: Armored Adventures,Iron Man: Armored Adventures,Iron Man: Armored Adventures
The Amazing Spider-Man,The Amazing Spider-Man,The Amazing Spider-Man,The Amazing Spider-Man,The Amazing Spider-Man,The Amazing Spider-Man,The Amazing Spider-Man,The Amazing Spider-Man
The Avengers,The Avengers,The Avengers,The Avengers,The Avengers,The Avengers,The Avengers,The Avengers
Marvel One-Shot: A Funny Thing Happened on the Way to Thor's Hammer,Marvel One-Shot: A Funny Thing Happened on the Way to Thor's Hammer,Marvel One-Shot: A Funny Thing Happened on the Way to Thor's Hammer,Marvel One-Shot: A Funny Thing Happened on the Way to Thor's Hammer,Marvel One-Shot: A Funny Thing Happened on the Way to Thor's Hammer,Marvel One-Shot: A Funny Thing Happened on the Way to Thor's Hammer,Marvel One-Shot: A Funny Thing Happened on the Way to Thor's Hammer,Marvel One-Shot: A Funny Thing Happened on the Way to Thor's Hammer
Marvel One-Shot: Konsulten,Marvel One-Shot: Konsulten,Marvel One-Shot: Konsulten,Marvel One-Shot: Konsulten,Marvel One-Shot: Konsulten,Marvel One-Shot: Konsulten,Marvel One-Shot: Konsulten,Marvel One-Shot: Konsulten
Captain America: The First Avenger,Captain America: The First Avenger,Captain America: The First Avenger,Captain America: The First Avenger,Captain America: The First Avenger,Captain America: The First Avenger,Captain America: The First Avenger,Captain America: The First Avenger
Thor: Tales of Asgard,Thor: Tales of Asgard,Thor: Tales of Asgard,Thor: Tales of Asgard,Thor: Tales of Asgard,Thor: Tales of Asgard,Thor: Tales of Asgard,Thor: Tales of Asgard
Thor,Thor,Thor,Thor,Thor,Thor,Thor,Thor
Iron Man 2,Iron Man 2,Iron Man 2,Iron Man 2,Iron Man 2,Iron Man 2,Iron Man 2,Iron Man 2
Wolverine and the X-Men,Wolverine and the X-Men,Wolverine and the X-Men,Wolverine and the X-Men,Wolverine and the X-Men,Wolverine and the X-Men,Wolverine and the X-Men,Wolverine and the X-Men
Hulk Vs.,Hulk Vs.,Hulk Vs.,Hulk Vs.,Hulk Vs.,Hulk Vs.,Hulk Vs.,Hulk Vs.
Punisher: War Zone,Punisher: War Zone,Punisher: War Zone,Punisher: War Zone,Punisher: War Zone,Punisher: War Zone,Punisher: War Zone,Punisher: War Zone
Next Avengers: Heroes of Tomorrow,Next Avengers: Heroes of Tomorrow,Next Avengers: Heroes of Tomorrow,Next Avengers: Heroes of Tomorrow,Next Avengers: Heroes of Tomorrow,Next Avengers: Heroes of Tomorrow,Next Avengers: Heroes of Tomorrow,Next Avengers: Heroes of Tomorrow
The Incredible Hulk,The Incredible Hulk,The Incredible Hulk,The Incredible Hulk,The Incredible Hulk,The Incredible Hulk,The Incredible Hulk,The Incredible Hulk
Iron Man,Iron Man,Iron Man,Iron Man,Iron Man,Iron Man,Iron Man,Iron Man
Fantastic Four: Rise of the Silver Surfer,Fantastic Four: Rise of the Silver Surfer,Fantastic Four: Rise of the Silver Surfer,Fantastic Four: Rise of the Silver Surfer,Fantastic Four: Rise of the Silver Surfer,Fantastic Four: Rise of the Silver Surfer,Fantastic Four: Rise of the Silver Surfer,Fantastic Four: Rise of the Silver Surfer
Spider-Man 3,Spider-Man 3,Spider-Man 3,Spider-Man 3,Spider-Man 3,Spider-Man 3,Spider-Man 3,Spider-Man 3
X-Men: The Last Stand,X-Men: The Last Stand,X-Men: The Last Stand,X-Men: The Last Stand,X-Men: The Last Stand,X-Men: The Last Stand,X-Men: The Last Stand,X-Men: The Last Stand
Man-Thing,Man-Thing,Man-Thing,Man-Thing,Man-Thing,Man-Thing,Man-Thing,Man-Thing
Elektra,Elektra,Elektra,Elektra,Elektra,Elektra,Elektra,Elektra
Blade: Trinity,Blade: Trinity,Blade: Trinity,Blade: Trinity,Blade: Trinity,Blade: Trinity,Blade: Trinity,Blade: Trinity
Spider-Man 2,Spider-Man 2,Spider-Man 2,Spider-Man 2,Spider-Man 2,Spider-Man 2,Spider-Man 2,Spider-Man 2
The Punisher,The Punisher,The Punisher,The Punisher,The Punisher,The Punisher,The Punisher,The Punisher
Hulk,Hulk,Hulk,Hulk,Hulk,Hulk,Hulk,Hulk
X-Men 2,X-Men 2,X-Men 2,X-Men 2,X-Men 2,X-Men 2,X-Men 2,X-Men 2
Daredevil,Daredevil,Daredevil,Daredevil,Daredevil,Daredevil,Daredevil,Daredevil
Spider-Man,Spider-Man,Spider-Man,Spider-Man,Spider-Man,Spider-Man,Spider-Man,Spider-Man
X-Men,X-Men,X-Men,X-Men,X-Men,X-Men,X-Men,X-Men
Iron Man: Extremis,Iron Man: Extremis,Iron Man: Extremis,Iron Man: Extremis,Iron Man: Extremis,Iron Man: Extremis,Iron Man: Extremis,Iron Man: Extremis
Du har mail,Du har mail,Du har mail,Du har mail,Du har mail,Du har mail,Du har mail,Du har mail
Volcano,Volcano,Volcano,Volcano,Volcano,Volcano,Volcano,Volcano
Simpsons,Simpsons,Simpsons,Simpsons,Simpsons,Simpsons,Simpsons,Simpsons
Doctor Strange: The Score-Cerer Supreme,Doctor Strange: The Score-Cerer Supreme,Doctor Strange: The Score-Cerer Supreme,Doctor Strange: The Score-Cerer Supreme,Doctor Strange: The Score-Cerer Supreme,Doctor Strange: The Score-Cerer Supreme,Doctor Strange: The Score-Cerer Supreme,Doctor Strange: The Score-Cerer Supreme
Hyperdimension Neptunia U: Action Unleashed,Hyperdimension Neptunia U: Action Unleashed,Hyperdimension Neptunia U: Action Unleashed,Hyperdimension Neptunia U: Action Unleashed,Hyperdimension Neptunia U: Action Unleashed,Hyperdimension Neptunia U: Action Unleashed,Hyperdimension Neptunia U: Action Unleashed,Hyperdimension Neptunia U: Action Unleashed
Marvel Studios: Assembling a Universe,Marvel Studios: Assembling a Universe,Marvel Studios: Assembling a Universe,Marvel Studios: Assembling a Universe,Marvel Studios: Assembling a Universe,Marvel Studios: Assembling a Universe,Marvel Studios: Assembling a Universe,Marvel Studios: Assembling a Universe
Marvel vs. Capcom 3: Fate of Two Worlds,Marvel vs. Capcom 3: Fate of Two Worlds,Marvel vs. Capcom 3: Fate of Two Worlds,Marvel vs. Capcom 3: Fate of Two Worlds,Marvel vs. Capcom 3: Fate of Two Worlds,Marvel vs. Capcom 3: Fate of Two Worlds,Marvel vs. Capcom 3: Fate of Two Worlds,Marvel vs. Capcom 3: Fate of Two Worlds
Heroes Are Born: Making 'The Fantastic Four',Heroes Are Born: Making 'The Fantastic Four',Heroes Are Born: Making 'The Fantastic Four',Heroes Are Born: Making 'The Fantastic Four',Heroes Are Born: Making 'The Fantastic Four',Heroes Are Born: Making 'The Fantastic Four',Heroes Are Born: Making 'The Fantastic Four',Heroes Are Born: Making 'The Fantastic Four'
Relentless: The Making of 'Elektra',Relentless: The Making of 'Elektra',Relentless: The Making of 'Elektra',Relentless: The Making of 'Elektra',Relentless: The Making of 'Elektra',Relentless: The Making of 'Elektra',Relentless: The Making of 'Elektra',Relentless: The Making of 'Elektra'
8 Arms to Hold You,8 Arms to Hold You,8 Arms to Hold You,8 Arms to Hold You,8 Arms to Hold You,8 Arms to Hold You,8 Arms to Hold You,8 Arms to Hold You
Hero in Crisis,Hero in Crisis,Hero in Crisis,Hero in Crisis,Hero in Crisis,Hero in Crisis,Hero in Crisis,Hero in Crisis
Interwoven: the Women of Spider-Man,Interwoven: the Women of Spider-Man,Interwoven: the Women of Spider-Man,Interwoven: the Women of Spider-Man,Interwoven: the Women of Spider-Man,Interwoven: the Women of Spider-Man,Interwoven: the Women of Spider-Man,Interwoven: the Women of Spider-Man
Making the Amazing,Making the Amazing,Making the Amazing,Making the Amazing,Making the Amazing,Making the Amazing,Making the Amazing,Making the Amazing
Beyond Hell's Kitchen: Making 'Daredevil',Beyond Hell's Kitchen: Making 'Daredevil',Beyond Hell's Kitchen: Making 'Daredevil',Beyond Hell's Kitchen: Making 'Daredevil',Beyond Hell's Kitchen: Making 'Daredevil',Beyond Hell's Kitchen: Making 'Daredevil',Beyond Hell's Kitchen: Making 'Daredevil',Beyond Hell's Kitchen: Making 'Daredevil'
The Men Without Fear: Creating 'Daredevil',The Men Without Fear: Creating 'Daredevil',The Men Without Fear: Creating 'Daredevil',The Men Without Fear: Creating 'Daredevil',The Men Without Fear: Creating 'Daredevil',The Men Without Fear: Creating 'Daredevil',The Men Without Fear: Creating 'Daredevil',The Men Without Fear: Creating 'Daredevil'
A Fan's Guide to Ms. Marvel,A Fan's Guide to Ms. Marvel,A Fan's Guide to Ms. Marvel,A Fan's Guide to Ms. Marvel,A Fan's Guide to Ms. Marvel,A Fan's Guide to Ms. Marvel,A Fan's Guide to Ms. Marvel,A Fan's Guide to Ms. Marvel
Spider-Man: No Way Home Red Carpet Premiere!,Spider-Man: No Way Home Red Carpet Premiere!,Spider-Man: No Way Home Red Carpet Premiere!,Spider-Man: No Way Home Red Carpet Premiere!,Spider-Man: No Way Home Red Carpet Premiere!,Spider-Man: No Way Home Red Carpet Premiere!,Spider-Man: No Way Home Red Carpet Premiere!,Spider-Man: No Way Home Red Carpet Premiere!
Marvel Studios' Eternals Red Carpet LIVE!,Marvel Studios' Eternals Red Carpet LIVE!,Marvel Studios' Eternals Red Carpet LIVE!,Marvel Studios' Eternals Red Carpet LIVE!,Marvel Studios' Eternals Red Carpet LIVE!,Marvel Studios' Eternals Red Carpet LIVE!,Marvel Studios' Eternals Red Carpet LIVE!,Marvel Studios' Eternals Red Carpet LIVE!
The Most Magical Story on Earth: 50 Years of Walt Disney World,The Most Magical Story on Earth: 50 Years of Walt Disney World,The Most Magical Story on Earth: 50 Years of Walt Disney World,The Most Magical Story on Earth: 50 Years of Walt Disney World,The Most Magical Story on Earth: 50 Years of Walt Disney World,The Most Magical Story on Earth: 50 Years of Walt Disney World,The Most Magical Story on Earth: 50 Years of Walt Disney World,The Most Magical Story on Earth: 50 Years of Walt Disney World
Marvel Studios' Shang-Chi and the Legend of the Ten Rings LIVE Red Carpet World Premiere,Marvel Studios' Shang-Chi and the Legend of the Ten Rings LIVE Red Carpet World Premiere,Marvel Studios' Shang-Chi and the Legend of the Ten Rings LIVE Red Carpet World Premiere,Marvel Studios' Shang-Chi and the Legend of the Ten Rings LIVE Red Carpet World Premiere,Marvel Studios' Shang-Chi and the Legend of the Ten Rings LIVE Red Carpet World Premiere,Marvel Studios' Shang-Chi and the Legend of the Ten Rings LIVE Red Carpet World Premiere,Marvel Studios' Shang-Chi and the Legend of the Ten Rings LIVE Red Carpet World Premiere,Marvel Studios' Shang-Chi and the Legend of the Ten Rings LIVE Red Carpet World Premiere
Hollywood Insider,Hollywood Insider,Hollywood Insider,Hollywood Insider,Hollywood Insider,Hollywood Insider,Hollywood Insider,Hollywood Insider
IMDbrief,IMDbrief,IMDbrief,IMDbrief,IMDbrief,IMDbrief,IMDbrief,IMDbrief
IMDb on the Scene - Interviews,IMDb on the Scene - Interviews,IMDb on the Scene - Interviews,IMDb on the Scene - Interviews,IMDb on the Scene - Interviews,IMDb on the Scene - Interviews,IMDb on the Scene - Interviews,IMDb on the Scene - Interviews
Marvel Studios' WandaVision Virtual Launch Event,Marvel Studios' WandaVision Virtual Launch Event,Marvel Studios' WandaVision Virtual Launch Event,Marvel Studios' WandaVision Virtual Launch Event,Marvel Studios' WandaVision Virtual Launch Event,Marvel Studios' WandaVision Virtual Launch Event,Marvel Studios' WandaVision Virtual Launch Event,Marvel Studios' WandaVision Virtual Launch Event
20/20,20/20,20/20,20/20,20/20,20/20,20/20,20/20
Ok! TV,Ok! TV,Ok! TV,Ok! TV,Ok! TV,Ok! TV,Ok! TV,Ok! TV
Adventure Thru the Walt Disney Archives,Adventure Thru the Walt Disney Archives,Adventure Thru the Walt Disney Archives,Adventure Thru the Walt Disney Archives,Adventure Thru the Walt Disney Archives,Adventure Thru the Walt Disney Archives,Adventure Thru the Walt Disney Archives,Adventure Thru the Walt Disney Archives
Celebrating Marvel's Stan Lee,Celebrating Marvel's Stan Lee,Celebrating Marvel's Stan Lee,Celebrating Marvel's Stan Lee,Celebrating Marvel's Stan Lee,Celebrating Marvel's Stan Lee,Celebrating Marvel's Stan Lee,Celebrating Marvel's Stan Lee
Marvel Studios: Expanding the Universe,Marvel Studios: Expanding the Universe,Marvel Studios: Expanding the Universe,Marvel Studios: Expanding the Universe,Marvel Studios: Expanding the Universe,Marvel Studios: Expanding the Universe,Marvel Studios: Expanding the Universe,Marvel Studios: Expanding the Universe
Spider-Man: Far from Home Live Red Carpet World Premiere,Spider-Man: Far from Home Live Red Carpet World Premiere,Spider-Man: Far from Home Live Red Carpet World Premiere,Spider-Man: Far from Home Live Red Carpet World Premiere,Spider-Man: Far from Home Live Red Carpet World Premiere,Spider-Man: Far from Home Live Red Carpet World Premiere,Spider-Man: Far from Home Live Red Carpet World Premiere,Spider-Man: Far from Home Live Red Carpet World Premiere
The Chef Show,The Chef Show,The Chef Show,The Chef Show,The Chef Show,The Chef Show,The Chef Show,The Chef Show
This Week in Marvel,This Week in Marvel,This Week in Marvel,This Week in Marvel,This Week in Marvel,This Week in Marvel,This Week in Marvel,This Week in Marvel
Red Carpet Report,Red Carpet Report,Red Carpet Report,Red Carpet Report,Red Carpet Report,Red Carpet Report,Red Carpet Report,Red Carpet Report
Marvel Studios' Avengers: Endgame LIVE Red Carpet World Premiere,Marvel Studios' Avengers: Endgame LIVE Red Carpet World Premiere,Marvel Studios' Avengers: Endgame LIVE Red Carpet World Premiere,Marvel Studios' Avengers: Endgame LIVE Red Carpet World Premiere,Marvel Studios' Avengers: Endgame LIVE Red Carpet World Premiere,Marvel Studios' Avengers: Endgame LIVE Red Carpet World Premiere,Marvel Studios' Avengers: Endgame LIVE Red Carpet World Premiere,Marvel Studios' Avengers: Endgame LIVE Red Carpet World Premiere
Marvel Studios' Captain Marvel LIVE Red Carpet World Premiere,Marvel Studios' Captain Marvel LIVE Red Carpet World Premiere,Marvel Studios' Captain Marvel LIVE Red Carpet World Premiere,Marvel Studios' Captain Marvel LIVE Red Carpet World Premiere,Marvel Studios' Captain Marvel LIVE Red Carpet World Premiere,Marvel Studios' Captain Marvel LIVE Red Carpet World Premiere,Marvel Studios' Captain Marvel LIVE Red Carpet World Premiere,Marvel Studios' Captain Marvel LIVE Red Carpet World Premiere
The Oscars,The Oscars,The Oscars,The Oscars,The Oscars,The Oscars,The Oscars,The Oscars
Close Up with the Hollywood Reporter,Close Up with the Hollywood Reporter,Close Up with the Hollywood Reporter,Close Up with the Hollywood Reporter,Close Up with the Hollywood Reporter,Close Up with the Hollywood Reporter,Close Up with the Hollywood Reporter,Close Up with the Hollywood Reporter
Mickey's 90th Spectacular,Mickey's 90th Spectacular,Mickey's 90th Spectacular,Mickey's 90th Spectacular,Mickey's 90th Spectacular,Mickey's 90th Spectacular,Mickey's 90th Spectacular,Mickey's 90th Spectacular
Avengers: Infinity War - Strange Alchemy,Avengers: Infinity War - Strange Alchemy,Avengers: Infinity War - Strange Alchemy,Avengers: Infinity War - Strange Alchemy,Avengers: Infinity War - Strange Alchemy,Avengers: Infinity War - Strange Alchemy,Avengers: Infinity War - Strange Alchemy,Avengers: Infinity War - Strange Alchemy
Beyond the Battle: Wakanda,Beyond the Battle: Wakanda,Beyond the Battle: Wakanda,Beyond the Battle: Wakanda,Beyond the Battle: Wakanda,Beyond the Battle: Wakanda,Beyond the Battle: Wakanda,Beyond the Battle: Wakanda
Black Panther: Crowning of a New King,Black Panther: Crowning of a New King,Black Panther: Crowning of a New King,Black Panther: Crowning of a New King,Black Panther: Crowning of a New King,Black Panther: Crowning of a New King,Black Panther: Crowning of a New King,Black Panther: Crowning of a New King
Black Panther: The Hidden Kingdom Revealed,Black Panther: The Hidden Kingdom Revealed,Black Panther: The Hidden Kingdom Revealed,Black Panther: The Hidden Kingdom Revealed,Black Panther: The Hidden Kingdom Revealed,Black Panther: The Hidden Kingdom Revealed,Black Panther: The Hidden Kingdom Revealed,Black Panther: The Hidden Kingdom Revealed
Marvel Studios: The First Ten Years - Connecting the Universe,Marvel Studios: The First Ten Years - Connecting the Universe,Marvel Studios: The First Ten Years - Connecting the Universe,Marvel Studios: The First Ten Years - Connecting the Universe,Marvel Studios: The First Ten Years - Connecting the Universe,Marvel Studios: The First Ten Years - Connecting the Universe,Marvel Studios: The First Ten Years - Connecting the Universe,Marvel Studios: The First Ten Years - Connecting the Universe
Wakanda Revealed: Exploring the Technology in 'Black Panther',Wakanda Revealed: Exploring the Technology in 'Black Panther',Wakanda Revealed: Exploring the Technology in 'Black Panther',Wakanda Revealed: Exploring the Technology in 'Black Panther',Wakanda Revealed: Exploring the Technology in 'Black Panther',Wakanda Revealed: Exploring the Technology in 'Black Panther',Wakanda Revealed: Exploring the Technology in 'Black Panther',Wakanda Revealed: Exploring the Technology in 'Black Panther'
Avengers: Infinity War IMAX® Behind the Frame,Avengers: Infinity War IMAX® Behind the Frame,Avengers: Infinity War IMAX® Behind the Frame,Avengers: Infinity War IMAX® Behind the Frame,Avengers: Infinity War IMAX® Behind the Frame,Avengers: Infinity War IMAX® Behind the Frame,Avengers: Infinity War IMAX® Behind the Frame,Avengers: Infinity War IMAX® Behind the Frame
Marvel Studios: The First Ten Years - The Evolution of Heroes,Marvel Studios: The First Ten Years - The Evolution of Heroes,Marvel Studios: The First Ten Years - The Evolution of Heroes,Marvel Studios: The First Ten Years - The Evolution of Heroes,Marvel Studios: The First Ten Years - The Evolution of Heroes,Marvel Studios: The First Ten Years - The Evolution of Heroes,Marvel Studios: The First Ten Years - The Evolution of Heroes,Marvel Studios: The First Ten Years - The Evolution of Heroes
Thor: Journey Into Mystery,Thor: Journey Into Mystery,Thor: Journey Into Mystery,Thor: Journey Into Mystery,Thor: Journey Into Mystery,Thor: Journey Into Mystery,Thor: Journey Into Mystery,Thor: Journey Into Mystery
"Spider-Man: Homecoming, searching for Spider-Man","Spider-Man: Homecoming, searching for Spider-Man","Spider-Man: Homecoming, searching for Spider-Man","Spider-Man: Homecoming, searching for Spider-Man","Spider-Man: Homecoming, searching for Spider-Man","Spider-Man: Homecoming, searching for Spider-Man","Spider-Man: Homecoming, searching for Spider-Man","Spider-Man: Homecoming, searching for Spider-Man"
Spider-Man: Homecoming - A Tangled Web,Spider-Man: Homecoming - A Tangled Web,Spider-Man: Homecoming - A Tangled Web,Spider-Man: Homecoming - A Tangled Web,Spider-Man: Homecoming - A Tangled Web,Spider-Man: Homecoming - A Tangled Web,Spider-Man: Homecoming - A Tangled Web,Spider-Man: Homecoming - A Tangled Web
Bonus Round: The Making of 'Guardians of the Galaxy Vol. 2',Bonus Round: The Making of 'Guardians of the Galaxy Vol. 2',Bonus Round: The Making of 'Guardians of the Galaxy Vol. 2',Bonus Round: The Making of 'Guardians of the Galaxy Vol. 2',Bonus Round: The Making of 'Guardians of the Galaxy Vol. 2',Bonus Round: The Making of 'Guardians of the Galaxy Vol. 2',Bonus Round: The Making of 'Guardians of the Galaxy Vol. 2',Bonus Round: The Making of 'Guardians of the Galaxy Vol. 2'
A Fan's Guide to Spider-Man: Homecoming,A Fan's Guide to Spider-Man: Homecoming,A Fan's Guide to Spider-Man: Homecoming,A Fan's Guide to Spider-Man: Homecoming,A Fan's Guide to Spider-Man: Homecoming,A Fan's Guide to Spider-Man: Homecoming,A Fan's Guide to Spider-Man: Homecoming,A Fan's Guide to Spider-Man: Homecoming
Doctor Strange: Across Time and Space,Doctor Strange: Across Time and Space,Doctor Strange: Across Time and Space,Doctor Strange: Across Time and Space,Doctor Strange: Across Time and Space,Doctor Strange: Across Time and Space,Doctor Strange: Across Time and Space,Doctor Strange: Across Time and Space
Doctor Strange: A Strange Transformation,Doctor Strange: A Strange Transformation,Doctor Strange: A Strange Transformation,Doctor Strange: A Strange Transformation,Doctor Strange: A Strange Transformation,Doctor Strange: A Strange Transformation,Doctor Strange: A Strange Transformation,Doctor Strange: A Strange Transformation
Doctor Strange: Strange Company,Doctor Strange: Strange Company,Doctor Strange: Strange Company,Doctor Strange: Strange Company,Doctor Strange: Strange Company,Doctor Strange: Strange Company,Doctor Strange: Strange Company,Doctor Strange: Strange Company
Doctor Strange: The Fabric of Reality,Doctor Strange: The Fabric of Reality,Doctor Strange: The Fabric of Reality,Doctor Strange: The Fabric of Reality,Doctor Strange: The Fabric of Reality,Doctor Strange: The Fabric of Reality,Doctor Strange: The Fabric of Reality,Doctor Strange: The Fabric of Reality
Marvel Studios Phase 3 Exclusive Look,Marvel Studios Phase 3 Exclusive Look,Marvel Studios Phase 3 Exclusive Look,Marvel Studios Phase 3 Exclusive Look,Marvel Studios Phase 3 Exclusive Look,Marvel Studios Phase 3 Exclusive Look,Marvel Studios Phase 3 Exclusive Look,Marvel Studios Phase 3 Exclusive Look
Captain America: The Road to Civil War,Captain America: The Road to Civil War,Captain America: The Road to Civil War,Captain America: The Road to Civil War,Captain America: The Road to Civil War,Captain America: The Road to Civil War,Captain America: The Road to Civil War,Captain America: The Road to Civil War
Iron Man: The Road to Civil War,Iron Man: The Road to Civil War,Iron Man: The Road to Civil War,Iron Man: The Road to Civil War,Iron Man: The Road to Civil War,Iron Man: The Road to Civil War,Iron Man: The Road to Civil War,Iron Man: The Road to Civil War
"United We Stand, Divided We Fall: The Making of 'Captain America: Civil War'","United We Stand, Divided We Fall: The Making of 'Captain America: Civil War'","United We Stand, Divided We Fall: The Making of 'Captain America: Civil War'","United We Stand, Divided We Fall: The Making of 'Captain America: Civil War'","United We Stand, Divided We Fall: The Making of 'Captain America: Civil War'","United We Stand, Divided We Fall: The Making of 'Captain America: Civil War'","United We Stand, Divided We Fall: The Making of 'Captain America: Civil War'","United We Stand, Divided We Fall: The Making of 'Captain America: Civil War'"
Ant-Man: Let's Go to the Macroverse,Ant-Man: Let's Go to the Macroverse,Ant-Man: Let's Go to the Macroverse,Ant-Man: Let's Go to the Macroverse,Ant-Man: Let's Go to the Macroverse,Ant-Man: Let's Go to the Macroverse,Ant-Man: Let's Go to the Macroverse,Ant-Man: Let's Go to the Macroverse
Avengers: Age of Ultron - Bookending the Action,Avengers: Age of Ultron - Bookending the Action,Avengers: Age of Ultron - Bookending the Action,Avengers: Age of Ultron - Bookending the Action,Avengers: Age of Ultron - Bookending the Action,Avengers: Age of Ultron - Bookending the Action,Avengers: Age of Ultron - Bookending the Action,Avengers: Age of Ultron - Bookending the Action
From Here to Infinity: Phases 2 & 3 of the M.C.U.,From Here to Infinity: Phases 2 & 3 of the M.C.U.,From Here to Infinity: Phases 2 & 3 of the M.C.U.,From Here to Infinity: Phases 2 & 3 of the M.C.U.,From Here to Infinity: Phases 2 & 3 of the M.C.U.,From Here to Infinity: Phases 2 & 3 of the M.C.U.,From Here to Infinity: Phases 2 & 3 of the M.C.U.,From Here to Infinity: Phases 2 & 3 of the M.C.U.
Avengers: Age of Ultron - From the Inside Out: Making of Avengers - Age of Ultron,Avengers: Age of Ultron - From the Inside Out: Making of Avengers - Age of Ultron,Avengers: Age of Ultron - From the Inside Out: Making of Avengers - Age of Ultron,Avengers: Age of Ultron - From the Inside Out: Making of Avengers - Age of Ultron,Avengers: Age of Ultron - From the Inside Out: Making of Avengers - Age of Ultron,Avengers: Age of Ultron - From the Inside Out: Making of Avengers - Age of Ultron,Avengers: Age of Ultron - From the Inside Out: Making of Avengers - Age of Ultron,Avengers: Age of Ultron - From the Inside Out: Making of Avengers - Age of Ultron
Avengers: Age of Ultron - Global Adventure,Avengers: Age of Ultron - Global Adventure,Avengers: Age of Ultron - Global Adventure,Avengers: Age of Ultron - Global Adventure,Avengers: Age of Ultron - Global Adventure,Avengers: Age of Ultron - Global Adventure,Avengers: Age of Ultron - Global Adventure,Avengers: Age of Ultron - Global Adventure
Avengers: Age of Ultron - The Infinite Six,Avengers: Age of Ultron - The Infinite Six,Avengers: Age of Ultron - The Infinite Six,Avengers: Age of Ultron - The Infinite Six,Avengers: Age of Ultron - The Infinite Six,Avengers: Age of Ultron - The Infinite Six,Avengers: Age of Ultron - The Infinite Six,Avengers: Age of Ultron - The Infinite Six
Behind the Lens: The Making of - 'Captain America: The Winter Soldier',Behind the Lens: The Making of - 'Captain America: The Winter Soldier',Behind the Lens: The Making of - 'Captain America: The Winter Soldier',Behind the Lens: The Making of - 'Captain America: The Winter Soldier',Behind the Lens: The Making of - 'Captain America: The Winter Soldier',Behind the Lens: The Making of - 'Captain America: The Winter Soldier',Behind the Lens: The Making of - 'Captain America: The Winter Soldier',Behind the Lens: The Making of - 'Captain America: The Winter Soldier'
On the Frontline: An Inside Look at Captain America's Battlegrounds,On the Frontline: An Inside Look at Captain America's Battlegrounds,On the Frontline: An Inside Look at Captain America's Battlegrounds,On the Frontline: An Inside Look at Captain America's Battlegrounds,On the Frontline: An Inside Look at Captain America's Battlegrounds,On the Frontline: An Inside Look at Captain America's Battlegrounds,On the Frontline: An Inside Look at Captain America's Battlegrounds,On the Frontline: An Inside Look at Captain America's Battlegrounds
A Brothers' Journey: Thor & Loki,A Brothers' Journey: Thor & Loki,A Brothers' Journey: Thor & Loki,A Brothers' Journey: Thor & Loki,A Brothers' Journey: Thor & Loki,A Brothers' Journey: Thor & Loki,A Brothers' Journey: Thor & Loki,A Brothers' Journey: Thor & Loki
Made in Hollywood,Made in Hollywood,Made in Hollywood,Made in Hollywood,Made in Hollywood,Made in Hollywood,Made in Hollywood,Made in Hollywood
Thor: The Dark World Special,Thor: The Dark World Special,Thor: The Dark World Special,Thor: The Dark World Special,Thor: The Dark World Special,Thor: The Dark World Special,Thor: The Dark World Special,Thor: The Dark World Special
Deconstructing the Scene: Attack on Air Force One,Deconstructing the Scene: Attack on Air Force One,Deconstructing the Scene: Attack on Air Force One,Deconstructing the Scene: Attack on Air Force One,Deconstructing the Scene: Attack on Air Force One,Deconstructing the Scene: Attack on Air Force One,Deconstructing the Scene: Attack on Air Force One,Deconstructing the Scene: Attack on Air Force One
Iron Man 3 Unmasked,Iron Man 3 Unmasked,Iron Man 3 Unmasked,Iron Man 3 Unmasked,Iron Man 3 Unmasked,Iron Man 3 Unmasked,Iron Man 3 Unmasked,Iron Man 3 Unmasked
The Avengers: Assembling the Ultimate Team,The Avengers: Assembling the Ultimate Team,The Avengers: Assembling the Ultimate Team,The Avengers: Assembling the Ultimate Team,The Avengers: Assembling the Ultimate Team,The Avengers: Assembling the Ultimate Team,The Avengers: Assembling the Ultimate Team,The Avengers: Assembling the Ultimate Team
The Avengers: A Visual Journey,The Avengers: A Visual Journey,The Avengers: A Visual Journey,The Avengers: A Visual Journey,The Avengers: A Visual Journey,The Avengers: A Visual Journey,The Avengers: A Visual Journey,The Avengers: A Visual Journey
Captain America: The First Avenger - Behind the Skull,Captain America: The First Avenger - Behind the Skull,Captain America: The First Avenger - Behind the Skull,Captain America: The First Avenger - Behind the Skull,Captain America: The First Avenger - Behind the Skull,Captain America: The First Avenger - Behind the Skull,Captain America: The First Avenger - Behind the Skull,Captain America: The First Avenger - Behind the Skull
Captain America: The First Avenger - Heightened Technology,Captain America: The First Avenger - Heightened Technology,Captain America: The First Avenger - Heightened Technology,Captain America: The First Avenger - Heightened Technology,Captain America: The First Avenger - Heightened Technology,Captain America: The First Avenger - Heightened Technology,Captain America: The First Avenger - Heightened Technology,Captain America: The First Avenger - Heightened Technology
Captain America: The First Avenger - Howling Commandos,Captain America: The First Avenger - Howling Commandos,Captain America: The First Avenger - Howling Commandos,Captain America: The First Avenger - Howling Commandos,Captain America: The First Avenger - Howling Commandos,Captain America: The First Avenger - Howling Commandos,Captain America: The First Avenger - Howling Commandos,Captain America: The First Avenger - Howling Commandos
Captain America: The First Avenger - The Transformation,Captain America: The First Avenger - The Transformation,Captain America: The First Avenger - The Transformation,Captain America: The First Avenger - The Transformation,Captain America: The First Avenger - The Transformation,Captain America: The First Avenger - The Transformation,Captain America: The First Avenger - The Transformation,Captain America: The First Avenger - The Transformation
Outfitting a Hero,Outfitting a Hero,Outfitting a Hero,Outfitting a Hero,Outfitting a Hero,Outfitting a Hero,Outfitting a Hero,Outfitting a Hero
Road to 'The Avengers',Road to 'The Avengers',Road to 'The Avengers',Road to 'The Avengers',Road to 'The Avengers',Road to 'The Avengers',Road to 'The Avengers',Road to 'The Avengers'
Thor: Assembling the Troupe,Thor: Assembling the Troupe,Thor: Assembling the Troupe,Thor: Assembling the Troupe,Thor: Assembling the Troupe,Thor: Assembling the Troupe,Thor: Assembling the Troupe,Thor: Assembling the Troupe
Thor: Creating Laufey,Thor: Creating Laufey,Thor: Creating Laufey,Thor: Creating Laufey,Thor: Creating Laufey,Thor: Creating Laufey,Thor: Creating Laufey,Thor: Creating Laufey
Thor: From Asgard to Earth,Thor: From Asgard to Earth,Thor: From Asgard to Earth,Thor: From Asgard to Earth,Thor: From Asgard to Earth,Thor: From Asgard to Earth,Thor: From Asgard to Earth,Thor: From Asgard to Earth
Thor: Hammer Time,Thor: Hammer Time,Thor: Hammer Time,Thor: Hammer Time,Thor: Hammer Time,Thor: Hammer Time,Thor: Hammer Time,Thor: Hammer Time
Marvel LIVE! World Premiere of Captain America: The First Avenger,Marvel LIVE! World Premiere of Captain America: The First Avenger,Marvel LIVE! World Premiere of Captain America: The First Avenger,Marvel LIVE! World Premiere of Captain America: The First Avenger,Marvel LIVE! World Premiere of Captain America: The First Avenger,Marvel LIVE! World Premiere of Captain America: The First Avenger,Marvel LIVE! World Premiere of Captain America: The First Avenger,Marvel LIVE! World Premiere of Captain America: The First Avenger
Iron Man 2: Creating Stark Expo,Iron Man 2: Creating Stark Expo,Iron Man 2: Creating Stark Expo,Iron Man 2: Creating Stark Expo,Iron Man 2: Creating Stark Expo,Iron Man 2: Creating Stark Expo,Iron Man 2: Creating Stark Expo,Iron Man 2: Creating Stark Expo
Ultimate Iron Man: The Making of 'Iron Man 2',Ultimate Iron Man: The Making of 'Iron Man 2',Ultimate Iron Man: The Making of 'Iron Man 2',Ultimate Iron Man: The Making of 'Iron Man 2',Ultimate Iron Man: The Making of 'Iron Man 2',Ultimate Iron Man: The Making of 'Iron Man 2',Ultimate Iron Man: The Making of 'Iron Man 2',Ultimate Iron Man: The Making of 'Iron Man 2'
With Great Power: The Stan Lee Story,With Great Power: The Stan Lee Story,With Great Power: The Stan Lee Story,With Great Power: The Stan Lee Story,With Great Power: The Stan Lee Story,With Great Power: The Stan Lee Story,With Great Power: The Stan Lee Story,With Great Power: The Stan Lee Story
Megafactories,Megafactories,Megafactories,Megafactories,Megafactories,Megafactories,Megafactories,Megafactories
The Movie Loft,The Movie Loft,The Movie Loft,The Movie Loft,The Movie Loft,The Movie Loft,The Movie Loft,The Movie Loft
The Incredible Hulk: Becoming the Abomination,The Incredible Hulk: Becoming the Abomination,The Incredible Hulk: Becoming the Abomination,The Incredible Hulk: Becoming the Abomination,The Incredible Hulk: Becoming the Abomination,The Incredible Hulk: Becoming the Abomination,The Incredible Hulk: Becoming the Abomination,The Incredible Hulk: Becoming the Abomination
The Incredible Hulk: Becoming the Hulk,The Incredible Hulk: Becoming the Hulk,The Incredible Hulk: Becoming the Hulk,The Incredible Hulk: Becoming the Hulk,The Incredible Hulk: Becoming the Hulk,The Incredible Hulk: Becoming the Hulk,The Incredible Hulk: Becoming the Hulk,The Incredible Hulk: Becoming the Hulk
The Making of 'The Incredible Hulk',The Making of 'The Incredible Hulk',The Making of 'The Incredible Hulk',The Making of 'The Incredible Hulk',The Making of 'The Incredible Hulk',The Making of 'The Incredible Hulk',The Making of 'The Incredible Hulk',The Making of 'The Incredible Hulk'
I Am 'Iron Man',I Am 'Iron Man',I Am 'Iron Man',I Am 'Iron Man',I Am 'Iron Man',I Am 'Iron Man',I Am 'Iron Man',I Am 'Iron Man'
Starz Inside: Comic Books Unbound,Starz Inside: Comic Books Unbound,Starz Inside: Comic Books Unbound,Starz Inside: Comic Books Unbound,Starz Inside: Comic Books Unbound,Starz Inside: Comic Books Unbound,Starz Inside: Comic Books Unbound,Starz Inside: Comic Books Unbound
Covered in Black: Creating Venom,Covered in Black: Creating Venom,Covered in Black: Creating Venom,Covered in Black: Creating Venom,Covered in Black: Creating Venom,Covered in Black: Creating Venom,Covered in Black: Creating Venom,Covered in Black: Creating Venom
Grains of Sand: Building Sandman,Grains of Sand: Building Sandman,Grains of Sand: Building Sandman,Grains of Sand: Building Sandman,Grains of Sand: Building Sandman,Grains of Sand: Building Sandman,Grains of Sand: Building Sandman,Grains of Sand: Building Sandman
Re-Imagining the Goblin,Re-Imagining the Goblin,Re-Imagining the Goblin,Re-Imagining the Goblin,Re-Imagining the Goblin,Re-Imagining the Goblin,Re-Imagining the Goblin,Re-Imagining the Goblin
Tangled Web: The Love Triangles of Spider-Man 3,Tangled Web: The Love Triangles of Spider-Man 3,Tangled Web: The Love Triangles of Spider-Man 3,Tangled Web: The Love Triangles of Spider-Man 3,Tangled Web: The Love Triangles of Spider-Man 3,Tangled Web: The Love Triangles of Spider-Man 3,Tangled Web: The Love Triangles of Spider-Man 3,Tangled Web: The Love Triangles of Spider-Man 3
On the Set: Spider-Man 3,On the Set: Spider-Man 3,On the Set: Spider-Man 3,On the Set: Spider-Man 3,On the Set: Spider-Man 3,On the Set: Spider-Man 3,On the Set: Spider-Man 3,On the Set: Spider-Man 3
The Villains of 'Spider-Man 3',The Villains of 'Spider-Man 3',The Villains of 'Spider-Man 3',The Villains of 'Spider-Man 3',The Villains of 'Spider-Man 3',The Villains of 'Spider-Man 3',The Villains of 'Spider-Man 3',The Villains of 'Spider-Man 3'
Generation X: The Comic Book Origin of X-Men,Generation X: The Comic Book Origin of X-Men,Generation X: The Comic Book Origin of X-Men,Generation X: The Comic Book Origin of X-Men,Generation X: The Comic Book Origin of X-Men,Generation X: The Comic Book Origin of X-Men,Generation X: The Comic Book Origin of X-Men,Generation X: The Comic Book Origin of X-Men
The Making of 'X Men: The Last Stand' Blogs,The Making of 'X Men: The Last Stand' Blogs,The Making of 'X Men: The Last Stand' Blogs,The Making of 'X Men: The Last Stand' Blogs,The Making of 'X Men: The Last Stand' Blogs,The Making of 'X Men: The Last Stand' Blogs,The Making of 'X Men: The Last Stand' Blogs,The Making of 'X Men: The Last Stand' Blogs
The Making of 'X Men: The Last Stand' Vignettes,The Making of 'X Men: The Last Stand' Vignettes,The Making of 'X Men: The Last Stand' Vignettes,The Making of 'X Men: The Last Stand' Vignettes,The Making of 'X Men: The Last Stand' Vignettes,The Making of 'X Men: The Last Stand' Vignettes,The Making of 'X Men: The Last Stand' Vignettes,The Making of 'X Men: The Last Stand' Vignettes
X-Men: The Excitement Continues,X-Men: The Excitement Continues,X-Men: The Excitement Continues,X-Men: The Excitement Continues,X-Men: The Excitement Continues,X-Men: The Excitement Continues,X-Men: The Excitement Continues,X-Men: The Excitement Continues
War Journal: On the Set of 'The Punisher',War Journal: On the Set of 'The Punisher',War Journal: On the Set of 'The Punisher',War Journal: On the Set of 'The Punisher',War Journal: On the Set of 'The Punisher',War Journal: On the Set of 'The Punisher',War Journal: On the Set of 'The Punisher',War Journal: On the Set of 'The Punisher'
X-Men Production Scrapbook,X-Men Production Scrapbook,X-Men Production Scrapbook,X-Men Production Scrapbook,X-Men Production Scrapbook,X-Men Production Scrapbook,X-Men Production Scrapbook,X-Men Production Scrapbook
Spider-Man: No Way Home is destroying box office records. Here's why.,Spider-Man: No Way Home is destroying box office records. Here's why.,Spider-Man: No Way Home is destroying box office records. Here's why.,Spider-Man: No Way Home is destroying box office records. Here's why.,Spider-Man: No Way Home is destroying box office records. Here's why.,Spider-Man: No Way Home is destroying box office records. Here's why.,Spider-Man: No Way Home is destroying box office records. Here's why.,Spider-Man: No Way Home is destroying box office records. Here's why.
Nerdrotic,Nerdrotic,Nerdrotic,Nerdrotic,Nerdrotic,Nerdrotic,Nerdrotic,Nerdrotic
"Electric Boogaloo: The Wild, Untold Story of Cannon Films","Electric Boogaloo: The Wild, Untold Story of Cannon Films","Electric Boogaloo: The Wild, Untold Story of Cannon Films","Electric Boogaloo: The Wild, Untold Story of Cannon Films","Electric Boogaloo: The Wild, Untold Story of Cannon Films","Electric Boogaloo: The Wild, Untold Story of Cannon Films","Electric Boogaloo: The Wild, Untold Story of Cannon Films","Electric Boogaloo: The Wild, Untold Story of Cannon Films"
